link	volume	year	download_link
https://publications.iarc.fr/Book-And-Report-Series/Iarc-Monographs-On-The-Identification-Of-Carcinogenic-Hazards-To-Humans/1-1-1-Trichloroethane-And-Four-Other-Industrial-Chemicals-2022	130	2022	https://publications.iarc.fr/_publications/media/download/6673/5114975c7203f10dc111f5acfdbe497176dab247.pdf
https://publications.iarc.fr/Book-And-Report-Series/Iarc-Monographs-On-The-Identification-Of-Carcinogenic-Hazards-To-Humans/Gentian-Violet-Leucogentian-Violet-Malachite-Green-Leucomalachite-Green-And-CI-Direct-Blue-218-2022	129	2022	https://publications.iarc.fr/_publications/media/download/6436/d58b19a18004963b61644ce6561a43d41c805279.pdf
https://publications.iarc.fr/Book-And-Report-Series/Iarc-Monographs-On-The-Identification-Of-Carcinogenic-Hazards-To-Humans/Acrolein-Crotonaldehyde-And-Arecoline-2021	128	2021	https://publications.iarc.fr/_publications/media/download/6854/d60f7d5b9dc7224532ce502b7182d633f6581722.pdf
https://publications.iarc.fr/Book-And-Report-Series/Iarc-Monographs-On-The-Identification-Of-Carcinogenic-Hazards-To-Humans/Some-Aromatic-Amines-And-Related-Compounds- -2021	127	2021	https://publications.iarc.fr/_publications/media/download/6164/8e8aab7bf50c68a27ad6b28072c4742310142ac3.pdf
https://publications.iarc.fr/Book-And-Report-Series/Iarc-Monographs-On-The-Identification-Of-Carcinogenic-Hazards-To-Humans/Opium-Consumption-2021	126	2021	https://publications.iarc.fr/_publications/media/download/6671/dcba097e3d2d7cb6c95d4419949739dea181c16f.pdf
https://publications.iarc.fr/Book-And-Report-Series/Iarc-Monographs-On-The-Identification-Of-Carcinogenic-Hazards-To-Humans/Some-Industrial-Chemical-Intermediates-And-Solvents-2020	125	2020	https://publications.iarc.fr/_publications/media/download/6400/669238729ab2699947f884a298c31aee1154d873.pdf
https://publications.iarc.fr/Book-And-Report-Series/Iarc-Monographs-On-The-Identification-Of-Carcinogenic-Hazards-To-Humans/Night-Shift-Work-2020	124	2020	https://publications.iarc.fr/_publications/media/download/6397/c965a667eda3a390d9797cbcde59765fef9dcb7a.pdf
https://publications.iarc.fr/Book-And-Report-Series/Iarc-Monographs-On-The-Identification-Of-Carcinogenic-Hazards-To-Humans/Some-Nitrobenzenes-And-Other-Industrial-Chemicals-2020	123	2020	https://publications.iarc.fr/_publications/media/download/6204/33e7979e2113060aa1ea216a125a22feffabac38.pdf
https://publications.iarc.fr/Book-And-Report-Series/Iarc-Monographs-On-The-Identification-Of-Carcinogenic-Hazards-To-Humans/Isobutyl-Nitrite-β-Picoline-And-Some-Acrylates-2019	122	2019	https://publications.iarc.fr/_publications/media/download/5994/f020f11a6da11e6966cb8eacff492542d7f64935.pdf
https://publications.iarc.fr/Book-And-Report-Series/Iarc-Monographs-On-The-Identification-Of-Carcinogenic-Hazards-To-Humans/Styrene-Styrene-7-8-oxide-And-Quinoline-2019	121	2019	https://publications.iarc.fr/_publications/media/download/6060/5894fec08d186b0eb1a24cfa93db2cd97dc2eb2c.pdf
https://publications.iarc.fr/Book-And-Report-Series/Iarc-Monographs-On-The-Identification-Of-Carcinogenic-Hazards-To-Humans/Some-Chemicals-That-Cause-Tumours-Of-The-Urinary-Tract-In-Rodents-2019	119	2019	https://publications.iarc.fr/_publications/media/download/5722/be54378b09f7c8f559e7a529f6947cf8aa0515a6.pdf
https://publications.iarc.fr/Book-And-Report-Series/Iarc-Monographs-On-The-Identification-Of-Carcinogenic-Hazards-To-Humans/Pentachlorophenol-And-Some-Related-Compounds-2019	117	2019	https://publications.iarc.fr/_publications/media/download/5717/3507e6ef7631cd3e073e5cb65415daa0b524989c.pdf
https://publications.iarc.fr/Book-And-Report-Series/Iarc-Monographs-On-The-Identification-Of-Carcinogenic-Hazards-To-Humans/Benzene-2018	120	2018	https://publications.iarc.fr/_publications/media/download/6043/20a78ade14e86cf076c3981a9a094f45da6d27cc.pdf
https://publications.iarc.fr/Book-And-Report-Series/Iarc-Monographs-On-The-Identification-Of-Carcinogenic-Hazards-To-Humans/Welding-Molybdenum-Trioxide-And-Indium-Tin-Oxide-2018	118	2018	https://publications.iarc.fr/_publications/media/download/4890/8dea8d7fcfc96b300786a8718b69e44475274beb.pdf
https://publications.iarc.fr/Book-And-Report-Series/Iarc-Monographs-On-The-Identification-Of-Carcinogenic-Hazards-To-Humans/Drinking-Coffee-Mate-And-Very-Hot-Beverages-2018	116	2018	https://publications.iarc.fr/_publications/media/download/5593/c4abf55679b9972a06319d5cc45e2d9eefd800a6.pdf
https://publications.iarc.fr/Book-And-Report-Series/Iarc-Monographs-On-The-Identification-Of-Carcinogenic-Hazards-To-Humans/Some-Industrial-Chemicals-2018	115	2018	https://publications.iarc.fr/_publications/media/download/5409/5f12a3cfc6a2291b8dca418b2d322642ccb8f0fc.pdf
https://publications.iarc.fr/Book-And-Report-Series/Iarc-Monographs-On-The-Identification-Of-Carcinogenic-Hazards-To-Humans/Red-Meat-And-Processed-Meat-2018	114	2018	https://publications.iarc.fr/_publications/media/download/5659/5d7454aa8257a735c59b78233317f1b0c12b9d50.pdf
https://publications.iarc.fr/Book-And-Report-Series/Iarc-Monographs-On-The-Identification-Of-Carcinogenic-Hazards-To-Humans/Some-Organophosphate-Insecticides-And-Herbicides-2017	112	2017	https://publications.iarc.fr/_publications/media/download/6760/564e917d3cf4026bbc655ce69babf854f46e58d9.pdf
https://publications.iarc.fr/Book-And-Report-Series/Iarc-Monographs-On-The-Identification-Of-Carcinogenic-Hazards-To-Humans/Some-Nanomaterials-And-Some-Fibres-2017	111	2017	https://publications.iarc.fr/_publications/media/download/4518/8df270f8d3c20015be01cb6b4f6313b7b5047f14.pdf
https://publications.iarc.fr/Book-And-Report-Series/Iarc-Monographs-On-The-Identification-Of-Carcinogenic-Hazards-To-Humans/DDT-Lindane-And-2-4-D-2016	113	2016	https://publications.iarc.fr/_publications/media/download/6117/a21e0a3a3eb924db809e0e9629b698e1e73e266f.pdf
https://publications.iarc.fr/Book-And-Report-Series/Iarc-Monographs-On-The-Identification-Of-Carcinogenic-Hazards-To-Humans/Some-Chemicals-Used-As-Solvents-And-In-Polymer-Manufacture-2016	110	2016	https://publications.iarc.fr/_publications/media/download/6749/25330c7bae29cfccde8cf96dfea833ef80366f5b.pdf
https://publications.iarc.fr/Book-And-Report-Series/Iarc-Monographs-On-The-Identification-Of-Carcinogenic-Hazards-To-Humans/Outdoor-Air-Pollution-2015	109	2015	https://publications.iarc.fr/_publications/media/download/4317/b1f528f1fca20965a2b48a220f47447c1d94e6d1.pdf
https://publications.iarc.fr/Book-And-Report-Series/Iarc-Monographs-On-The-Identification-Of-Carcinogenic-Hazards-To-Humans/Some-Drugs-And-Herbal-Products-2015	108	2015	https://publications.iarc.fr/_publications/media/download/3236/01b340416a6d5cb00c0ae3da38a1e5ae4de26d76.pdf
https://publications.iarc.fr/Book-And-Report-Series/Iarc-Monographs-On-The-Identification-Of-Carcinogenic-Hazards-To-Humans/Polychlorinated-Biphenyls-And-Polybrominated-Biphenyls-2015	107	2015	https://publications.iarc.fr/_publications/media/download/5979/c395f7fad077e8a5774c72c089a212d67cc18de1.pdf
https://publications.iarc.fr/Book-And-Report-Series/Iarc-Monographs-On-The-Identification-Of-Carcinogenic-Hazards-To-Humans/Trichloroethylene-Tetrachloroethylene-And-Some-Other-Chlorinated-Agents-2014	106	2014	https://publications.iarc.fr/_publications/media/download/6688/c1deb8e919b7f30f2505d2f3b5ab3e79f300d097.pdf
https://publications.iarc.fr/Book-And-Report-Series/Iarc-Monographs-On-The-Identification-Of-Carcinogenic-Hazards-To-Humans/Diesel-And-Gasoline-Engine-Exhausts-And-Some-Nitroarenes-2013	105	2013	https://publications.iarc.fr/_publications/media/download/3181/e6bd0692f1a9bb46589d3ca2d8178fa8dcd05ba5.pdf
https://publications.iarc.fr/Book-And-Report-Series/Iarc-Monographs-On-The-Identification-Of-Carcinogenic-Hazards-To-Humans/Malaria-And-Some-Polyomaviruses-SV40-BK-JC-And-Merkel-Cell-Viruses--2013	104	2013	https://publications.iarc.fr/_publications/media/download/3167/d93f82709ea1a6ece51789d858d1a10a39c64e0e.pdf
https://publications.iarc.fr/Book-And-Report-Series/Iarc-Monographs-On-The-Identification-Of-Carcinogenic-Hazards-To-Humans/Bitumens-And-Bitumen-Emissions-And-Some-Em-N-Em---And-Em-S-Em--Heterocyclic-Polycyclic-Aromatic-Hydrocarbons-2013	103	2013	https://publications.iarc.fr/_publications/media/download/3156/6d351d0378133be6461d7e4e71c2041f8ae6bb76.pdf
https://publications.iarc.fr/Book-And-Report-Series/Iarc-Monographs-On-The-Identification-Of-Carcinogenic-Hazards-To-Humans/Non-ionizing-Radiation-Part-2-Radiofrequency-Electromagnetic-Fields-2013	102	2013	https://publications.iarc.fr/_publications/media/download/3143/6464cac7e8eca3fa20f11d4d134613e4870158c5.pdf
https://publications.iarc.fr/Book-And-Report-Series/Iarc-Monographs-On-The-Identification-Of-Carcinogenic-Hazards-To-Humans/Some-Chemicals-Present-In-Industrial-And-Consumer-Products-Food-And-Drinking-water-2012	101	2012	https://publications.iarc.fr/_publications/media/download/3116/9feb6c7a7913e3cb4abafc95eeb2fa4d62c72c59.pdf
https://publications.iarc.fr/Book-And-Report-Series/Iarc-Monographs-On-The-Identification-Of-Carcinogenic-Hazards-To-Humans/Pharmaceuticals-2012	100A	2012	https://publications.iarc.fr/_publications/media/download/2978/2a1167e2a1fb31b8857cc57923525a220352fe81.pdf
https://publications.iarc.fr/Book-And-Report-Series/Iarc-Monographs-On-The-Identification-Of-Carcinogenic-Hazards-To-Humans/Biological-Agents-2012	100B	2012	https://publications.iarc.fr/_publications/media/download/3007/d1d1e393a84cbb196956337642989bf03c8cd486.pdf
https://publications.iarc.fr/Book-And-Report-Series/Iarc-Monographs-On-The-Identification-Of-Carcinogenic-Hazards-To-Humans/Arsenic-Metals-Fibres-And-Dusts-2012	100C	2012	https://publications.iarc.fr/_publications/media/download/6143/ef2dcba35d394362f6f5346d042bd48e5792ded3.pdf
https://publications.iarc.fr/Book-And-Report-Series/Iarc-Monographs-On-The-Identification-Of-Carcinogenic-Hazards-To-Humans/Radiation-2012	100D	2012	https://publications.iarc.fr/_publications/media/download/3045/d295876be020b721ff7209083d5782c910b2ed1e.pdf
https://publications.iarc.fr/Book-And-Report-Series/Iarc-Monographs-On-The-Identification-Of-Carcinogenic-Hazards-To-Humans/Personal-Habits-And-Indoor-Combustions-2012	100E	2012	https://publications.iarc.fr/_publications/media/download/6687/174612edbbdc3cf3d1d76d9cb16091ac92dbabdc.pdf
https://publications.iarc.fr/Book-And-Report-Series/Iarc-Monographs-On-The-Identification-Of-Carcinogenic-Hazards-To-Humans/Chemical-Agents-And-Related-Occupations-2012	100F	2012	https://publications.iarc.fr/_publications/media/download/3076/73443059d4ec0adde733204bab30939c7470dd2b.pdf
https://publications.iarc.fr/Book-And-Report-Series/Iarc-Monographs-On-The-Identification-Of-Carcinogenic-Hazards-To-Humans/Some-Aromatic-Amines-Organic-Dyes-And-Related-Exposures-2010	99	2010	https://publications.iarc.fr/_publications/media/download/2958/04f67887be058cb7ae62b10572bf41e37643b15c.pdf
https://publications.iarc.fr/Book-And-Report-Series/Iarc-Monographs-On-The-Identification-Of-Carcinogenic-Hazards-To-Humans/Painting-Firefighting-And-Shiftwork-2010	98	2010	https://publications.iarc.fr/_publications/media/download/2945/aaa53adf824806c6e0b36ebdcb4ef93973e43227.pdf
https://publications.iarc.fr/Book-And-Report-Series/Iarc-Monographs-On-The-Identification-Of-Carcinogenic-Hazards-To-Humans/Alcohol-Consumption-And-Ethyl-Carbamate-2010	96	2010	https://publications.iarc.fr/_publications/media/download/2889/660808fd4068573b9269334948e408cc5a51b43b.pdf
https://publications.iarc.fr/Book-And-Report-Series/Iarc-Monographs-On-The-Identification-Of-Carcinogenic-Hazards-To-Humans/Household-Use-Of-Solid-Fuels-And-High-temperature-Frying-2010	95	2010	https://publications.iarc.fr/_publications/media/download/2878/86ee5a9f2be0511282136e83d40ed69c45473129.pdf
https://publications.iarc.fr/Book-And-Report-Series/Iarc-Monographs-On-The-Identification-Of-Carcinogenic-Hazards-To-Humans/Ingested-Nitrate-And-Nitrite-And-Cyanobacterial-Peptide-Toxins-2010	94	2010	https://publications.iarc.fr/_publications/media/download/2867/c9f9c85d6dd616d774bdbbe67bae77bddeb1b4de.pdf
https://publications.iarc.fr/Book-And-Report-Series/Iarc-Monographs-On-The-Identification-Of-Carcinogenic-Hazards-To-Humans/Carbon-Black-Titanium-Dioxide-And-Talc-2010	93	2010	https://publications.iarc.fr/_publications/media/download/2856/bf06ffe99ebb4b29b5feebe09604a6e5920d2927.pdf
https://publications.iarc.fr/Book-And-Report-Series/Iarc-Monographs-On-The-Identification-Of-Carcinogenic-Hazards-To-Humans/Some-Non-heterocyclic-Polycyclic-Aromatic-Hydrocarbons-And-Some-Related-Exposures-2010	92	2010	https://publications.iarc.fr/_publications/media/download/2841/a076b09df49aeeb8c7922378fe4f372fda3edd13.pdf
https://publications.iarc.fr/Book-And-Report-Series/Iarc-Monographs-On-The-Identification-Of-Carcinogenic-Hazards-To-Humans/1-3-Butadiene-Ethylene-Oxide-And-Vinyl-Halides-Vinyl-Fluoride-Vinyl-Chloride-And-Vinyl-Bromide--2008	97	2008	https://publications.iarc.fr/_publications/media/download/2931/d7a4e802483b1374482768a36a7c78e1b33aa1c8.pdf
https://publications.iarc.fr/Book-And-Report-Series/Iarc-Monographs-On-The-Identification-Of-Carcinogenic-Hazards-To-Humans/Combined-Estrogen--Progestogen-Contraceptives-And-Combined-Estrogen-Progestogen-Menopausal-Therapy-2007	91	2007	https://publications.iarc.fr/_publications/media/download/2814/983a924d3b5d3213e8dc4e7c531bc9c23aec5440.pdf
https://publications.iarc.fr/Book-And-Report-Series/Iarc-Monographs-On-The-Identification-Of-Carcinogenic-Hazards-To-Humans/Human-Papillomaviruses-2007	90	2007	https://publications.iarc.fr/_publications/media/download/2799/9c5cbdc5c9ae322a22b5026c9e594451149a763f.pdf
https://publications.iarc.fr/Book-And-Report-Series/Iarc-Monographs-On-The-Identification-Of-Carcinogenic-Hazards-To-Humans/Smokeless-Tobacco-And-Some-Tobacco-specific-Em-N-Em--Nitrosamines-2007	89	2007	https://publications.iarc.fr/_publications/media/download/2788/60479f24396adb10c2a046e21c4cdac3ec08ea8d.pdf
https://publications.iarc.fr/Book-And-Report-Series/Iarc-Monographs-On-The-Identification-Of-Carcinogenic-Hazards-To-Humans/Formaldehyde-2-Butoxyethanol-And-1--Em-Tert-Em--Butoxypropan-2-ol-2006	88	2006	https://publications.iarc.fr/_publications/media/download/2757/c6a9fc1529ff03f196d3595caf6e198cb9b104ce.pdf
https://publications.iarc.fr/Book-And-Report-Series/Iarc-Monographs-On-The-Identification-Of-Carcinogenic-Hazards-To-Humans/Inorganic-And-Organic-Lead-Compounds-2006	87	2006	https://publications.iarc.fr/_publications/media/download/2742/4c6e963acd7ad3b767d0720848796ef7099dd02a.pdf
https://publications.iarc.fr/Book-And-Report-Series/Iarc-Monographs-On-The-Identification-Of-Carcinogenic-Hazards-To-Humans/Cobalt-In-Hard-Metals-And-Cobalt-Sulfate-Gallium-Arsenide-Indium-Phosphide-And-Vanadium-Pentoxide-2006	86	2006	https://publications.iarc.fr/_publications/media/download/2705/29aacee6b89ff816188dcd990b61a16ad6486eec.pdf
https://publications.iarc.fr/Book-And-Report-Series/Iarc-Monographs-On-The-Identification-Of-Carcinogenic-Hazards-To-Humans/Betel-quid-And-Areca-nut-Chewing-And-Some-Areca-nut-derived-Nitrosamines-2004	85	2004	https://publications.iarc.fr/_publications/media/download/2683/6e3997066d7dd40048c519550cfb2ad627aac6f0.pdf
https://publications.iarc.fr/Book-And-Report-Series/Iarc-Monographs-On-The-Identification-Of-Carcinogenic-Hazards-To-Humans/Some-Drinking-Water-Disinfectants-And-Contaminants-Including-Arsenic-2004	84	2004	https://publications.iarc.fr/_publications/media/download/2661/be62bf756a4a6eaafe4ca5599d2bf8c73427d788.pdf
https://publications.iarc.fr/Book-And-Report-Series/Iarc-Monographs-On-The-Identification-Of-Carcinogenic-Hazards-To-Humans/Tobacco-Smoke-And-Involuntary-Smoking-2004	83	2004	https://publications.iarc.fr/_publications/media/download/2636/1567f1ed6fa20d5ef35978ef5b585b63e6101379.pdf
https://publications.iarc.fr/Book-And-Report-Series/Iarc-Monographs-On-The-Identification-Of-Carcinogenic-Hazards-To-Humans/Some-Traditional-Herbal-Medicines-Some-Mycotoxins-Naphthalene-And-Styrene-2002	82	2002	https://publications.iarc.fr/_publications/media/download/2618/a48798b1acf1f630be9fcbb30ffb2d56b790c08d.pdf
https://publications.iarc.fr/Book-And-Report-Series/Iarc-Monographs-On-The-Identification-Of-Carcinogenic-Hazards-To-Humans/Man-made-Vitreous-Fibres-2002	81	2002	https://publications.iarc.fr/_publications/media/download/2602/6d4cb1852bd2640e7efa05cd140ad44be02b5b42.pdf
https://publications.iarc.fr/Book-And-Report-Series/Iarc-Monographs-On-The-Identification-Of-Carcinogenic-Hazards-To-Humans/Non-ionizing-Radiation-Part-1-Static-And-Extremely-Low-frequency-ELF-Electric-And-Magnetic-Fields-2002	80	2002	https://publications.iarc.fr/_publications/media/download/2587/3c82f294820f129b683b98668fd76246d5adcf58.pdf
https://publications.iarc.fr/Book-And-Report-Series/Iarc-Monographs-On-The-Identification-Of-Carcinogenic-Hazards-To-Humans/Some-Thyrotropic-Agents-2001	79	2001	https://publications.iarc.fr/_publications/media/download/2559/201a17eeafae186aee07bc60ffcff93e4d65c3d5.pdf
https://publications.iarc.fr/Book-And-Report-Series/Iarc-Monographs-On-The-Identification-Of-Carcinogenic-Hazards-To-Humans/Ionizing-Radiation-Part-2-Some-Internally-Deposited-Radionuclides-2001	78	2001	https://publications.iarc.fr/_publications/media/download/2544/e9d01fd3586e7aeb5f1c2ec0867ab78640260f13.pdf
https://publications.iarc.fr/Book-And-Report-Series/Iarc-Monographs-On-The-Identification-Of-Carcinogenic-Hazards-To-Humans/Some-Industrial-Chemicals-2000	77	2000	https://publications.iarc.fr/_publications/media/download/2519/d3673e35a0c40e4a03f2b642b6a5d50d59cac040.pdf
https://publications.iarc.fr/Book-And-Report-Series/Iarc-Monographs-On-The-Identification-Of-Carcinogenic-Hazards-To-Humans/Some-Antiviral-And-Antineoplastic-Drugs-And-Other-Pharmaceutical-Agents-2000	76	2000	https://publications.iarc.fr/_publications/media/download/2500/cf0e3b51ce0f90bc752674747e88e98098488d57.pdf
https://publications.iarc.fr/Book-And-Report-Series/Iarc-Monographs-On-The-Identification-Of-Carcinogenic-Hazards-To-Humans/Ionizing-Radiation-Part-1-X--And-Gamma-γ--Radiation-And-Neutrons-2000	75	2000	https://publications.iarc.fr/_publications/media/download/2478/92f3f3dae13db694db661521a5015c1f81dc2509.pdf
https://publications.iarc.fr/Book-And-Report-Series/Iarc-Monographs-On-The-Identification-Of-Carcinogenic-Hazards-To-Humans/Surgical-Implants-And-Other-Foreign-Bodies-1999	74	1999	https://publications.iarc.fr/_publications/media/download/2464/573c4232001e4b66341a25627b182fb5d245714c.pdf
https://publications.iarc.fr/Book-And-Report-Series/Iarc-Monographs-On-The-Identification-Of-Carcinogenic-Hazards-To-Humans/Some-Chemicals-That-Cause-Tumours-Of-The-Kidney-Or-Urinary-Bladder-In-Rodents-And-Some-Other-Substances-1999	73	1999	https://publications.iarc.fr/_publications/media/download/2435/eabe702c13ae4828853cb8fdb7fa652ae1d3b627.pdf
https://publications.iarc.fr/Book-And-Report-Series/Iarc-Monographs-On-The-Identification-Of-Carcinogenic-Hazards-To-Humans/Hormonal-Contraception-And-Post-menopausal-Hormonal-Therapy-1999	72	1999	https://publications.iarc.fr/_publications/media/download/2397/9b478544d483601efc2c7a03a44945f770fff659.pdf
https://publications.iarc.fr/Book-And-Report-Series/Iarc-Monographs-On-The-Identification-Of-Carcinogenic-Hazards-To-Humans/Re-evaluation-Of-Some-Organic-Chemicals-Hydrazine-And-Hydrogen-Peroxide-Part-1-Part-2-Part-3--1999	71	1999	https://publications.iarc.fr/_publications/media/download/2279/d7e4bcce9c42cec078b965c33b0298cf0a3aff3d.pdf
https://publications.iarc.fr/Book-And-Report-Series/Iarc-Monographs-On-The-Identification-Of-Carcinogenic-Hazards-To-Humans/Epstein-Barr-Virus-And-Kaposi’s-Sarcoma-Herpesvirus-Human-Herpesvirus-8-1997	70	1997	https://publications.iarc.fr/_publications/media/download/2254/6fb59d12ebf1aec6235f1ce4f61541557eb8c469.pdf
https://publications.iarc.fr/Book-And-Report-Series/Iarc-Monographs-On-The-Identification-Of-Carcinogenic-Hazards-To-Humans/Polychlorinated-Dibenzo--Em-Para-Em--Dioxins-And-Polychlorinated-Dibenzofurans-1997	69	1997	https://publications.iarc.fr/_publications/media/download/2229/e32ad597ed78c0a9bfcb88a3d5044790a6b1cfa5.pdf
https://publications.iarc.fr/Book-And-Report-Series/Iarc-Monographs-On-The-Identification-Of-Carcinogenic-Hazards-To-Humans/Silica-Some-Silicates-Coal-Dust-And-Em-Para-Em--Aramid-Fibrils-1997	68	1997	https://publications.iarc.fr/_publications/media/download/2209/c827e7f394b164692665d09c287f068d85cb2476.pdf
https://publications.iarc.fr/Book-And-Report-Series/Iarc-Monographs-On-The-Identification-Of-Carcinogenic-Hazards-To-Humans/Human-Immunodeficiency-Viruses-And-Human-T-Cell-Lymphotropic-Viruses-1996	67	1996	https://publications.iarc.fr/_publications/media/download/2186/1b959504813337ec7822f22920a17168e3057947.pdf
https://publications.iarc.fr/Book-And-Report-Series/Iarc-Monographs-On-The-Identification-Of-Carcinogenic-Hazards-To-Humans/Some-Pharmaceutical-Drugs-1996	66	1996	https://publications.iarc.fr/_publications/media/download/2161/143ea3694ce8528c24549a322eda502171cea79a.pdf
https://publications.iarc.fr/Book-And-Report-Series/Iarc-Monographs-On-The-Identification-Of-Carcinogenic-Hazards-To-Humans/Printing-Processes-And-Printing-Inks-Carbon-Black-And-Some-Nitro-Compounds-1996	65	1996	https://publications.iarc.fr/_publications/media/download/2139/e700e57622433ed6ad04c91a83848257945835aa.pdf
https://publications.iarc.fr/Book-And-Report-Series/Iarc-Monographs-On-The-Identification-Of-Carcinogenic-Hazards-To-Humans/Human-Papillomaviruses-1995	64	1995	https://publications.iarc.fr/_publications/media/download/2123/bee7d6df2e74a2ae97da46783c58f47405d04c66.pdf
https://publications.iarc.fr/Book-And-Report-Series/Iarc-Monographs-On-The-Identification-Of-Carcinogenic-Hazards-To-Humans/Dry-Cleaning-Some-Chlorinated-Solvents-And-Other-Industrial-Chemicals-1995	63	1995	https://publications.iarc.fr/_publications/media/download/2095/e981a0a3bc62c95f6ed361ab42aa61bb6bded5db.pdf
https://publications.iarc.fr/Book-And-Report-Series/Iarc-Monographs-On-The-Identification-Of-Carcinogenic-Hazards-To-Humans/Wood-Dust-And-Formaldehyde-1995	62	1995	https://publications.iarc.fr/_publications/media/download/2071/0aee99510dc09d8d1d9eae95b4cc4205eac52f24.pdf
https://publications.iarc.fr/Book-And-Report-Series/Iarc-Monographs-On-The-Identification-Of-Carcinogenic-Hazards-To-Humans/Schistosomes-Liver-Flukes-And-Em-Helicobacter-Pylori-Em--1994	61	1994	https://publications.iarc.fr/_publications/media/download/2041/5c102d23efdf6b74fe03ce47ce92a82f28bd95d8.pdf
https://publications.iarc.fr/Book-And-Report-Series/Iarc-Monographs-On-The-Identification-Of-Carcinogenic-Hazards-To-Humans/Some-Industrial-Chemicals-1994	60	1994	https://publications.iarc.fr/_publications/media/download/2017/91e1d37ff33b7285b94ec62e51e19cdd5107a549.pdf
https://publications.iarc.fr/Book-And-Report-Series/Iarc-Monographs-On-The-Identification-Of-Carcinogenic-Hazards-To-Humans/Hepatitis-Viruses-1994	59	1994	https://publications.iarc.fr/_publications/media/download/1986/ea9636d9c3b1d2db49e55de765cef8a28cd3791b.pdf
https://publications.iarc.fr/Book-And-Report-Series/Iarc-Monographs-On-The-Identification-Of-Carcinogenic-Hazards-To-Humans/Beryllium-Cadmium-Mercury-And-Exposures-In-The-Glass-Manufacturing-Industry-1993	58	1993	https://publications.iarc.fr/_publications/media/download/1954/ed5ada49ff1536d1474abdb982ee69583dbf1bc2.pdf
https://publications.iarc.fr/Book-And-Report-Series/Iarc-Monographs-On-The-Identification-Of-Carcinogenic-Hazards-To-Humans/Occupational-Exposures-Of-Hairdressers-And-Barbers-And-Personal-Use-Of-Hair-Colourants-Some-Hair-Dyes-Cosmetic-Colourants-Industrial-Dyestuffs-And-Aromatic-Amines-1993	57	1993	https://publications.iarc.fr/_publications/media/download/1925/bceefad918b95f5faecc3bf7b963024344638137.pdf
https://publications.iarc.fr/Book-And-Report-Series/Iarc-Monographs-On-The-Identification-Of-Carcinogenic-Hazards-To-Humans/Some-Naturally-Occurring-Substances-Food-Items-And-Constituents-Heterocyclic-Aromatic-Amines-And-Mycotoxins-1993	56	1993	https://publications.iarc.fr/_publications/media/download/1901/a815bd2f53a323de205a5e997377bc38cc80e4b9.pdf
https://publications.iarc.fr/Book-And-Report-Series/Iarc-Monographs-On-The-Identification-Of-Carcinogenic-Hazards-To-Humans/Solar-And-Ultraviolet-Radiation-1992	55	1992	https://publications.iarc.fr/_publications/media/download/1884/4a87c098b4b16dbb0dc18bd9a975ccffc8d8cc64.pdf
https://publications.iarc.fr/Book-And-Report-Series/Iarc-Monographs-On-The-Identification-Of-Carcinogenic-Hazards-To-Humans/Occupational-Exposures-To-Mists-And-Vapours-From-Strong-Inorganic-Acids-And-Other-Industrial-Chemicals-1992	54	1992	https://publications.iarc.fr/_publications/media/download/1867/612f3ecf4ec20112f8e6e4ee3936d8d7e92f0809.pdf
https://publications.iarc.fr/Book-And-Report-Series/Iarc-Monographs-On-The-Identification-Of-Carcinogenic-Hazards-To-Humans/Occupational-Exposures-In-Insecticide-Application-And-Some-Pesticides-1991	53	1991	https://publications.iarc.fr/_publications/media/download/1840/e90c44e8aa748969d91fe8686411f1b8fc8ae97c.pdf
https://publications.iarc.fr/Book-And-Report-Series/Iarc-Monographs-On-The-Identification-Of-Carcinogenic-Hazards-To-Humans/Chlorinated-Drinking-water-Chlorination-By-products-Some-Other-Halogenated-Compounds-Cobalt-And-Cobalt-Compounds-1991	52	1991	https://publications.iarc.fr/_publications/media/download/1818/43d2053bbccf5e9753b5f7443f85d1ce345489bf.pdf
https://publications.iarc.fr/Book-And-Report-Series/Iarc-Monographs-On-The-Identification-Of-Carcinogenic-Hazards-To-Humans/Coffee-Tea-Mate-Methylxanthines-And-Methylglyoxal-1991	51	1991	https://publications.iarc.fr/_publications/media/download/1788/e371b17a6693a0a898c8b256a677f333a6fba9ce.pdf
https://publications.iarc.fr/Book-And-Report-Series/Iarc-Monographs-On-The-Identification-Of-Carcinogenic-Hazards-To-Humans/Pharmaceutical-Drugs-1990	50	1990	https://publications.iarc.fr/_publications/media/download/1762/cfd087ee166e20b236c8bc811e37bb5bb44f6247.pdf
https://publications.iarc.fr/Book-And-Report-Series/Iarc-Monographs-On-The-Identification-Of-Carcinogenic-Hazards-To-Humans/Chromium-Nickel-And-Welding-1990	49	1990	https://publications.iarc.fr/_publications/media/download/1733/eecfae43dda41748c6c7268b93a6c2d1009a5acc.pdf
https://publications.iarc.fr/Book-And-Report-Series/Iarc-Monographs-On-The-Identification-Of-Carcinogenic-Hazards-To-Humans/Some-Flame-Retardants-And-Textile-Chemicals-And-Exposures-In-The-Textile-Manufacturing-Industry-1990	48	1990	https://publications.iarc.fr/_publications/media/download/1709/881669f4cc4d85c2326c30b21bf6e5928966f367.pdf
https://publications.iarc.fr/Book-And-Report-Series/Iarc-Monographs-On-The-Identification-Of-Carcinogenic-Hazards-To-Humans/Some-Organic-Solvents-Resin-Monomers-And-Related-Compounds-Pigments-And-Occupational-Exposures-In-Paint-Manufacture-And-Painting-1989	47	1989	https://publications.iarc.fr/_publications/media/download/1679/99c031474795027a4681b66e486124ae4cd190af.pdf
https://publications.iarc.fr/Book-And-Report-Series/Iarc-Monographs-On-The-Identification-Of-Carcinogenic-Hazards-To-Humans/Diesel-And-Gasoline-Engine-Exhausts-And-Some-Nitroarenes-1989	46	1989	https://publications.iarc.fr/_publications/media/download/1644/1224684949055fa8112dd008a17185a728a6044f.pdf
https://publications.iarc.fr/Book-And-Report-Series/Iarc-Monographs-On-The-Identification-Of-Carcinogenic-Hazards-To-Humans/Occupational-Exposures-In-Petroleum-Refining-Crude-Oil-And-Major-Petroleum-Fuels-1989	45	1989	https://publications.iarc.fr/_publications/media/download/1627/13a3d47168725cce5807f8e876bc3677443e8b21.pdf
https://publications.iarc.fr/Book-And-Report-Series/Iarc-Monographs-On-The-Identification-Of-Carcinogenic-Hazards-To-Humans/Alcohol-Drinking-1988	44	1988	https://publications.iarc.fr/_publications/media/download/1611/d9f2faf30d259e46ceba7692d2b58f904e11e863.pdf
https://publications.iarc.fr/Book-And-Report-Series/Iarc-Monographs-On-The-Identification-Of-Carcinogenic-Hazards-To-Humans/Man-Made-Mineral-Fibres-And-Radon-1988	43	1988	https://publications.iarc.fr/_publications/media/download/1592/bddbe727065b1d7fddd8a42fa4e9e9cf758ce65e.pdf
https://publications.iarc.fr/Book-And-Report-Series/Iarc-Monographs-On-The-Identification-Of-Carcinogenic-Hazards-To-Humans/Silica-And-Some-Silicates-1987	42	1987	https://publications.iarc.fr/_publications/media/download/1590/d3f74eb781daf26f18ccf3a5fd7f87cd00f4ed90.pdf
https://publications.iarc.fr/Book-And-Report-Series/Iarc-Monographs-On-The-Identification-Of-Carcinogenic-Hazards-To-Humans/Some-Halogenated-Hydrocarbons-And-Pesticide-Exposures-1986	41	1986	https://publications.iarc.fr/_publications/media/download/1589/6cbc08eaf3b1969806bbb96f6aa5e5f4f5af4aa9.pdf
https://publications.iarc.fr/Book-And-Report-Series/Iarc-Monographs-On-The-Identification-Of-Carcinogenic-Hazards-To-Humans/Some-Naturally-Occurring-And-Synthetic-Food-Components-Furocoumarins-And-Ultraviolet-Radiation-1986	40	1986	https://publications.iarc.fr/_publications/media/download/1588/b44fc9b27cd20fc2ded878cba92708e1a68d2165.pdf
https://publications.iarc.fr/Book-And-Report-Series/Iarc-Monographs-On-The-Identification-Of-Carcinogenic-Hazards-To-Humans/Some-Chemicals-Used-In-Plastics-And-Elastomers-1986	39	1986	https://publications.iarc.fr/_publications/media/download/1587/db7f36d8eee8c97c009b5e338ebdf44a6de4d0e1.pdf
https://publications.iarc.fr/Book-And-Report-Series/Iarc-Monographs-On-The-Identification-Of-Carcinogenic-Hazards-To-Humans/Tobacco-Smoking-1986	38	1986	https://publications.iarc.fr/_publications/media/download/1586/95d8bdccbf1bc939e30da226c25cdb14494f0e27.pdf
https://publications.iarc.fr/Book-And-Report-Series/Iarc-Monographs-On-The-Identification-Of-Carcinogenic-Hazards-To-Humans/Tobacco-Habits-Other-Than-Smoking-Betel-Quid-And-Areca-Nut-Chewing-And-Some-Related-Nitrosamines-1985	37	1985	https://publications.iarc.fr/_publications/media/download/1585/8993aa4c7b46c075cf2af3a4c844a99c783d63ae.pdf
https://publications.iarc.fr/Book-And-Report-Series/Iarc-Monographs-On-The-Identification-Of-Carcinogenic-Hazards-To-Humans/Allyl-Compounds-Aldehydes-Epoxides-And-Peroxides-1985	36	1985	https://publications.iarc.fr/_publications/media/download/1584/3ef54f58ce19b8cb94da1d31bc8ead4eb6679a2a.pdf
https://publications.iarc.fr/Book-And-Report-Series/Iarc-Monographs-On-The-Identification-Of-Carcinogenic-Hazards-To-Humans/Polynuclear-Aromatic-Compounds-Part-4-Bitumens-Coal-tars-And-Derived-Products-Shale-oils-And-Soots-1985	35	1985	https://publications.iarc.fr/_publications/media/download/1583/a9160950255c2a0df4c85158f4632f1aef17ac4b.pdf
https://publications.iarc.fr/Book-And-Report-Series/Iarc-Monographs-On-The-Identification-Of-Carcinogenic-Hazards-To-Humans/Polynuclear-Aromatic-Compounds-Part-3-Industrial-Exposures-In-Aluminium-Production-Coal-Gasification-Coke-Production-And-Iron-And-Steel-Founding-1984	34	1984	https://publications.iarc.fr/_publications/media/download/1582/605f6bc6b308e7ee3dbc2e7d5c6096f4ad00bb4a.pdf
https://publications.iarc.fr/Book-And-Report-Series/Iarc-Monographs-On-The-Identification-Of-Carcinogenic-Hazards-To-Humans/Polynuclear-Aromatic-Compounds-Part-2-Carbon-Blacks-Mineral-Oils-And-Some-Nitroarenes-1984	33	1984	https://publications.iarc.fr/_publications/media/download/1581/9e2cffeb2693fb9036a8a919904cef95a220da8e.pdf
https://publications.iarc.fr/Book-And-Report-Series/Iarc-Monographs-On-The-Identification-Of-Carcinogenic-Hazards-To-Humans/Polynuclear-Aromatic-Compounds-Part-1-Chemical-Environmental-And-Experimental-Data-1983	32	1983	https://publications.iarc.fr/_publications/media/download/1580/86e6b298345dacba8c124630d7ebe6b173986c7b.pdf
https://publications.iarc.fr/Book-And-Report-Series/Iarc-Monographs-On-The-Identification-Of-Carcinogenic-Hazards-To-Humans/Some-Food-Additives-Feed-Additives-And-Naturally-Occurring-Substances-1983	31	1983	https://publications.iarc.fr/_publications/media/download/1579/6ee2bb2945de9540565266115886424ec5396608.pdf
https://publications.iarc.fr/Book-And-Report-Series/Iarc-Monographs-On-The-Identification-Of-Carcinogenic-Hazards-To-Humans/Miscellaneous-Pesticides-1983	30	1983	https://publications.iarc.fr/_publications/media/download/1578/ec61549eb4e8ed1491e9108a42cdf53c5c843ceb.pdf
https://publications.iarc.fr/Book-And-Report-Series/Iarc-Monographs-On-The-Identification-Of-Carcinogenic-Hazards-To-Humans/Some-Industrial-Chemicals-And-Dyestuffs-1982	29	1982	https://publications.iarc.fr/_publications/media/download/1577/2f8d8229f8923fd2509f7f95e848ba6bf7f88766.pdf
https://publications.iarc.fr/Book-And-Report-Series/Iarc-Monographs-On-The-Identification-Of-Carcinogenic-Hazards-To-Humans/The-Rubber-Industry-1982	28	1982	https://publications.iarc.fr/_publications/media/download/1576/535bcb940c01e84f0acbfc089ef7bc832813b61a.pdf
https://publications.iarc.fr/Book-And-Report-Series/Iarc-Monographs-On-The-Identification-Of-Carcinogenic-Hazards-To-Humans/Some-Aromatic-Amines-Anthraquinones-And-Nitroso-Compounds-And-Inorganic-Fluorides-Used-In-Drinking-water-And-Dental-Preparations-1982	27	1982	https://publications.iarc.fr/_publications/media/download/1575/8cd3218c7ae9e175a49941630a923b644fb0f881.pdf
https://publications.iarc.fr/Book-And-Report-Series/Iarc-Monographs-On-The-Identification-Of-Carcinogenic-Hazards-To-Humans/Some-Antineoplastic-And-Immunosuppressive-Agents-1981	26	1981	https://publications.iarc.fr/_publications/media/download/1574/15ed8e408a3c19761f89ef77490d416adb2c19d2.pdf
https://publications.iarc.fr/Book-And-Report-Series/Iarc-Monographs-On-The-Identification-Of-Carcinogenic-Hazards-To-Humans/Wood-Leather-And-Some-Associated-Industries-1981	25	1981	https://publications.iarc.fr/_publications/media/download/1573/9a567536d28faf4603faae3d3966e1e72a5e3def.pdf
https://publications.iarc.fr/Book-And-Report-Series/Iarc-Monographs-On-The-Identification-Of-Carcinogenic-Hazards-To-Humans/Some-Pharmaceutical-Drugs-1980	24	1980	https://publications.iarc.fr/_publications/media/download/1572/280837b296cfecf310c28f0c729a36f2e9016384.pdf
https://publications.iarc.fr/Book-And-Report-Series/Iarc-Monographs-On-The-Identification-Of-Carcinogenic-Hazards-To-Humans/Some-Metals-And-Metallic-Compounds-1980	23	1980	https://publications.iarc.fr/_publications/media/download/1571/e8a5d8c23ca32103f47ef366fa6b597491a4d654.pdf
https://publications.iarc.fr/Book-And-Report-Series/Iarc-Monographs-On-The-Identification-Of-Carcinogenic-Hazards-To-Humans/Some-Non-Nutritive-Sweetening-Agents-1980	22	1980	https://publications.iarc.fr/_publications/media/download/1570/3adcf2965da1284954888e769b14f8f6051a8f39.pdf
https://publications.iarc.fr/Book-And-Report-Series/Iarc-Monographs-On-The-Identification-Of-Carcinogenic-Hazards-To-Humans/Sex-Hormones-II--1979	21	1979	https://publications.iarc.fr/_publications/media/download/1569/0fd49ce17f771e2b99685539ce1a0b77a361d87c.pdf
https://publications.iarc.fr/Book-And-Report-Series/Iarc-Monographs-On-The-Identification-Of-Carcinogenic-Hazards-To-Humans/Some-Halogenated-Hydrocarbons-1979	20	1979	https://publications.iarc.fr/_publications/media/download/1568/91745f20178ce526c22f48e21993964032fa110e.pdf
https://publications.iarc.fr/Book-And-Report-Series/Iarc-Monographs-On-The-Identification-Of-Carcinogenic-Hazards-To-Humans/Some-Monomers-Plastics-And-Synthetic-Elastomers-And-Acrolein-1979	19	1979	https://publications.iarc.fr/_publications/media/download/1567/e0810d3fef3e385f8bc9539070f40f1c466e6ac8.pdf
https://publications.iarc.fr/Book-And-Report-Series/Iarc-Monographs-On-The-Identification-Of-Carcinogenic-Hazards-To-Humans/Polychlorinated-Biphenyls-And-Polybrominated-Biphenyls-1978	18	1978	https://publications.iarc.fr/_publications/media/download/1566/b3c78b9d61149b65059cd0b2f3d1ccf9b87d275e.pdf
https://publications.iarc.fr/Book-And-Report-Series/Iarc-Monographs-On-The-Identification-Of-Carcinogenic-Hazards-To-Humans/Some-Em-N-Em--Nitroso-Compounds-1978	17	1978	https://publications.iarc.fr/_publications/media/download/1565/12f27b1bb900b6286a5da21c926a24880fc9399e.pdf
https://publications.iarc.fr/Book-And-Report-Series/Iarc-Monographs-On-The-Identification-Of-Carcinogenic-Hazards-To-Humans/Some-Aromatic-Amines-And-Related-Nitro-Compounds—Hair-Dyes-Colouring-Agents-And-Miscellaneous-Industrial-Chemicals-1977	16	1977	https://publications.iarc.fr/_publications/media/download/1564/758b1740e5cafdbde34721af7bfa266a82dcc4e9.pdf
https://publications.iarc.fr/Book-And-Report-Series/Iarc-Monographs-On-The-Identification-Of-Carcinogenic-Hazards-To-Humans/Some-Fumigants-The-Herbicides-2-4-D-And-2-4-5-T-Chlorinated-Dibenzodioxins-And-Miscellaneous-Industrial-Chemicals-1977	15	1977	https://publications.iarc.fr/_publications/media/download/1563/a870aa191a4ce861c017da1342f2c6f3511b35bf.pdf
https://publications.iarc.fr/Book-And-Report-Series/Iarc-Monographs-On-The-Identification-Of-Carcinogenic-Hazards-To-Humans/Asbestos-1977	14	1977	https://publications.iarc.fr/_publications/media/download/1562/0a22ef42b88b8d462e80ce15006e05987f78f521.pdf
https://publications.iarc.fr/Book-And-Report-Series/Iarc-Monographs-On-The-Identification-Of-Carcinogenic-Hazards-To-Humans/Some-Miscellaneous-Pharmaceutical-Substances-1977	13	1977	https://publications.iarc.fr/_publications/media/download/1561/3ef903d8f340f7f094e171a7a5e82610870f161f.pdf
https://publications.iarc.fr/Book-And-Report-Series/Iarc-Monographs-On-The-Identification-Of-Carcinogenic-Hazards-To-Humans/Some-Carbamates-Thiocarbamates-And-Carbazides-1976	12	1976	https://publications.iarc.fr/_publications/media/download/1560/48c4132a958417eed2df597f0972f38f4c706b11.pdf
https://publications.iarc.fr/Book-And-Report-Series/Iarc-Monographs-On-The-Identification-Of-Carcinogenic-Hazards-To-Humans/Cadmium-Nickel-Some-Epoxides-Miscellaneous-Industrial-Chemicals-And-General-Considerations-On-Volatile-Anaesthetics-1976	11	1976	https://publications.iarc.fr/_publications/media/download/1559/c33d14f8e460e5dd76e83a9b1a926a3b91aa8f0c.pdf
https://publications.iarc.fr/Book-And-Report-Series/Iarc-Monographs-On-The-Identification-Of-Carcinogenic-Hazards-To-Humans/Some-Naturally-Occurring-Substances-1976	10	1976	https://publications.iarc.fr/_publications/media/download/1558/5102f793cee9eefa92a3b9534221faaf1ccbbfcd.pdf
https://publications.iarc.fr/Book-And-Report-Series/Iarc-Monographs-On-The-Identification-Of-Carcinogenic-Hazards-To-Humans/Some-Aziridines-Em-N-Em---Em-S-Em---And-Em-O-Em--Mustards-And-Selenium-1975	9	1975	https://publications.iarc.fr/_publications/media/download/1557/79ca28bbd0b1e28bb839602c5a3054c078c6c7b1.pdf
https://publications.iarc.fr/Book-And-Report-Series/Iarc-Monographs-On-The-Identification-Of-Carcinogenic-Hazards-To-Humans/Some-Aromatic-Azo-Compounds-1975	8	1975	https://publications.iarc.fr/_publications/media/download/1556/c9b6afd995a66119c2d75d97a6298759819fc30a.pdf
https://publications.iarc.fr/Book-And-Report-Series/Iarc-Monographs-On-The-Identification-Of-Carcinogenic-Hazards-To-Humans/Some-Anti-Thyroid-And-Related-Substances-Nitrofurans-And-Industrial-Chemicals-1974	7	1974	https://publications.iarc.fr/_publications/media/download/1555/8983baef8abdb23cb37581dd1bc561c3bf1a1cc3.pdf
https://publications.iarc.fr/Book-And-Report-Series/Iarc-Monographs-On-The-Identification-Of-Carcinogenic-Hazards-To-Humans/Sex-Hormones-1974	6	1974	https://publications.iarc.fr/_publications/media/download/1554/c39a385940d84152c8405b933635e7518a527a9b.pdf
https://publications.iarc.fr/Book-And-Report-Series/Iarc-Monographs-On-The-Identification-Of-Carcinogenic-Hazards-To-Humans/Some-Organochlorine-Pesticides-1974	5	1974	https://publications.iarc.fr/_publications/media/download/1553/09c5dcf270093e55563e337ebb705f9b21ea2feb.pdf
https://publications.iarc.fr/Book-And-Report-Series/Iarc-Monographs-On-The-Identification-Of-Carcinogenic-Hazards-To-Humans/Some-Aromatic-Amines-Hydrazine-And-Related-Substances-Em-N-Em--Nitroso-Compounds-And-Miscellaneous-Alkylating-Agents-1974	4	1974	https://publications.iarc.fr/_publications/media/download/1552/c22286e8bb3c4abb2d48858919a23215419059e0.pdf
https://publications.iarc.fr/Book-And-Report-Series/Iarc-Monographs-On-The-Identification-Of-Carcinogenic-Hazards-To-Humans/Certain-Polycyclic-Aromatic-Hydrocarbons-And-Heterocyclic-Compounds-1973	3	1973	https://publications.iarc.fr/_publications/media/download/1551/2ccfd20e43102036b82688471db6dbe043f2c0fa.pdf
https://publications.iarc.fr/Book-And-Report-Series/Iarc-Monographs-On-The-Identification-Of-Carcinogenic-Hazards-To-Humans/Some-Inorganic-And-Organometallic-Compounds-1973	2	1973	https://publications.iarc.fr/_publications/media/download/1550/03a93e2318f88349d303a43b5485bb5d8050eeae.pdf
https://publications.iarc.fr/Book-And-Report-Series/Iarc-Monographs-On-The-Identification-Of-Carcinogenic-Hazards-To-Humans/Some-Inorganic-Substances-Chlorinated-Hydrocarbons-Aromatic-Amines-Em-N-Em--Nitroso-Compounds-And-Natural-Products-1972	1	1972	https://publications.iarc.fr/_publications/media/download/1549/4320cf05ba900c1a7391e7a8c5e993d95348044a.pdf
